locus_tag,genename,PNA_sequence,Tm_PNAs,MFE,log2fc
ECP_4268,dnaB,CTGCCATAGT,55.4221132664252,-9.2,-1.31342263420767
ECP_0097,ftsZ,CAAACATAGT,39.5826828232605,-17.7,-0.841633802541228
ECP_3157,rpoD,CCATAAGACG,49.1720468234184,-13.8,-3.02724122864513
ECP_0179,pyrH,CCATGTTTCT,46.8051735581421,-9.4,-2.29878329786696
ECP_3906,yidC,TCCATCGTTA,48.743798071276,-16.7,-1.79778179498164
ECP_4195,nusG,GACATCTCAG,51.807759744417,-25.4,-0.776631426695403
ECP_3394,rpsH,CTCATCTGTC,51.8077597444171,-18.6,0.036583152556375
ECP_2607,rplS,CTCATAATTT,30.8892143613025,-4.7,-0.994299344659632
ECP_2656,csrA,AGCATTCTTT,41.1607205830263,-20.8,-0.853656422271597
ECP_1086,acpP,CTCATACTCT,48.7319342727334,-17.6,-2.25580198456508
ECP_0027,ispH,TCTGCATGTT,51.1185703288685,-30.6,-0.286356965557864
